0,Michael,3653380
1,James,3004260
2,John,2812970
3,David,2766170
4,Robert,2674870
5,William,2230560
6,Christopher,1909690
7,Joseph,1703180
8,Daniel,1636270
9,Matthew,1531170
10,Richard,1498370
11,Thomas,1488470
12,Charles,1230470
13,Anthony,1211870
14,Joshua,1192240
15,Andrew,1134520
16,Mark,1119240
17,Steven,1075730
18,Kevin,1057830
19,Brian,1047250
20,Jason,981594
21,Timothy,926661
22,Ryan,921502
23,Jacob,919690
24,Nicholas,842816
25,Jeffrey,838888
26,Paul,836797
27,Jonathan,814554
28,Kenneth,804147
29,Eric,804132
30,Justin,754376
31,Brandon,741942
32,Benjamin,704467
33,Ronald,680988
34,Donald,680724
35,Scott,668820
36,Stephen,662330
37,Alexander,661298
38,Gary,626511
39,Samuel,617261
40,Edward,608910
41,Gregory,590223
42,Tyler,584753
43,George,563578
44,Aaron,559282
45,Patrick,558671
46,Adam,533628
47,Zachary,532810
48,Nathan,532795
49,Larry,520542
50,Jose,513175
51,Noah,473922
52,Ethan,463840
53,Kyle,463121
54,Christian,429432
55,Dennis,422988
56,Jeremy,421863
57,Jack,410761
58,Austin,409456
59,Douglas,400713
60,Sean,398782
61,Dylan,398293
62,Peter,396881
63,Jordan,383432
64,Jerry,375470
65,Raymond,370460
66,Henry,368937
67,Logan,368467
68,Gabriel,367149
69,Bryan,356589
70,Frank,355749
71,Keith,346370
72,Elijah,343205
73,Jesse,323728
74,Mason,321989
75,Juan,320019
76,Terry,314794
77,Liam,312712
78,Caleb,306642
79,Lucas,303987
80,Luke,296621
81,Cameron,295404
82,Isaac,288459
83,Shawn,283470
84,Travis,283215
85,Cody,280683
86,Bradley,280403
87,Alan,273713
88,Jackson,272981
89,Evan,270986
90,Carlos,270308
91,Randy,269703
92,Roger,267833
93,Luis,267269
94,Vincent,257755
95,Bruce,256587
96,Hunter,250822
97,Todd,247276
98,Adrian,247241
99,Craig,247216
100,Angel,246496
101,Nathaniel,245254
102,Aiden,244366
103,Alex,242691
104,Jayden,242057
105,Ian,241273
106,Victor,237980
107,Isaiah,235430
108,Carl,234455
109,Joel,233813
110,Phillip,232065
111,Lawrence,228920
112,Gerald,227271
113,Connor,226426
114,Antonio,226049
115,Julian,224591
116,Chad,223787
117,Derek,223590
118,Walter,220534
119,Johnny,220185
120,Danny,217442
121,Marcus,216926
122,Jesus,213639
123,Philip,213239
124,Russell,211499
125,Owen,209496
126,Jeremiah,208221
127,Arthur,206778
128,Wayne,205823
129,Martin,202914
130,Joe,201432
131,Oliver,201070
132,Billy,200932
133,Dustin,198854
134,Jeffery,197502
135,Jared,196726
136,Sebastian,195296
137,Jimmy,191229
138,Wyatt,190972
139,Rodney,189385
140,Tony,188702
141,Carter,188634
142,Bobby,186151
143,Ricky,184589
144,Wesley,184381
145,Willie,183672
146,Gavin,183658
147,Levi,183538
148,Shane,181312
149,Troy,180795
150,Theodore,180123
151,Curtis,179096
152,Blake,177717
153,Albert,177715
154,Landon,176917
155,Corey,175016
156,Chase,173931
157,Roy,173891
158,Miguel,173852
159,Louis,171379
160,Allen,170024
161,Dominic,169494
162,Harold,168698
163,Dale,164009
164,Steve,162730
165,Seth,156056
166,Randall,155272
167,Trevor,154954
168,Devin,151005
169,Xavier,150317
170,Brett,147349
171,Erik,147145
172,Cole,146664
173,Calvin,145648
174,Ralph,145524
175,Colton,142964
176,Jay,140777
177,Glenn,140384
178,Oscar,138724
179,Mitchell,138107
180,Eugene,137430
181,Mike,136754
182,Alejandro,136620
183,Eli,135771
184,Frederick,135153
185,Josiah,135045
186,Derrick,134543
187,Manuel,134344
188,Dean,134110
189,Jon,133744
190,Leo,132908
191,Ronnie,131897
192,Brayden,131827
193,Ricardo,131669
194,Edwin,131598
195,Barry,131506
196,Stanley,130951
197,Jorge,130322
198,Mario,128778
199,Garrett,127475
200,Lee,127139
201,Colin,125481
202,Micheal,125433
203,Brent,123622
204,Leonard,123428
205,Marvin,122605
206,Eddie,122544
207,Francisco,121730
208,Carson,121643
209,Marc,121617
210,Howard,121048
211,Cory,120275
212,Tristan,119946
213,Parker,119764
214,Ivan,119284
215,Chris,119205
216,Diego,118961
217,Harry,118865
218,Andre,118105
219,Nolan,118022
220,Bryce,116980
221,Tommy,116888
222,Ernest,116477
223,Max,116073
224,Grant,116017
225,Darrell,115659
226,Grayson,115076
227,Aidan,114906
228,Jake,113893
229,Spencer,110677
230,Melvin,109811
231,Micah,109502
232,Cooper,108865
233,Casey,107562
234,Hayden,106112
235,Jaxon,106087
236,Taylor,105832
237,Elias,105035
238,Francis,104883
239,Clayton,103459
240,Mateo,103085
241,Preston,102538
242,Eduardo,102418
243,Fred,102286
244,Damian,100848
245,Javier,100149
246,Miles,99986.4
247,Maxwell,99262.3
248,Omar,98295.2
249,Roberto,97306.9
250,Hector,95748.5
251,Hudson,95697.6
252,Jerome,94750.9
253,Darren,94747.3
254,Tanner,94440.5
255,Norman,94365.2
256,Asher,94328
257,Edgar,94255.2
258,Riley,93677.2
259,Johnathan,93479.3
260,Nicolas,93167.9
261,Jeff,93147.6
262,Ruben,93129.8
263,Lance,93032.2
264,Fernando,92429.7
265,Earl,91626.9
266,Lincoln,90643.4
267,Ray,90250.6
268,Brady,90005.5
269,Leon,89266
270,Dakota,89223.4
271,Brendan,87604.1
272,Andres,87040.2
273,Warren,86906.4
274,Clarence,86614
275,Reginald,86546.8
276,Alfred,86102.9
277,Ayden,85427.1
278,Leonardo,85332.6
279,Roman,84800.3
280,Jace,84365.9
281,Ezra,84195.3
282,Santiago,84187.4
283,Emmanuel,84039.6
284,Kaleb,83121.1
285,Ashton,82686.4
286,Clifford,82165.7
287,Giovanni,81829.9
288,Don,81733.4
289,Abraham,80595.2
290,Charlie,80092.3
291,Maurice,80011.4
292,Harrison,79911.3
293,Jamie,79772
294,Jim,79387.8
295,Jaden,78997.2
296,Dalton,78129.7
297,Collin,77801.2
298,Brody,77748.5
299,Rafael,77340.5
300,Andy,77303.3
301,Jonah,77246.8
302,Bryson,77169.3
303,Sergio,76647.3
304,Pedro,76387.4
305,Darryl,76154.2
306,Franklin,75586.6
307,Everett,74766.9
308,Leroy,74763.5
309,Alvin,74444.2
310,Bernard,74270.6
311,Cesar,74265.1
312,Erick,74259.8
313,Raul,73177.3
314,Drew,72719.7
315,Easton,72210.5
316,Neil,72033
317,Brad,71855.3
318,Bill,71355.1
319,Kurt,71277.1
320,Marco,70814.3
321,Duane,70538.2
322,Ezekiel,70328.7
323,Devon,69442.4
324,Tom,69374.9
325,Lorenzo,68474.2
326,Tyrone,67986.1
327,Caden,67930.2
328,Gordon,67768.6
329,Mathew,67713.7
330,Kayden,67473.6
331,Kelly,67306.1
332,Glen,67284.9
333,Karl,67093.9
334,Cristian,66867.3
335,Kaden,66754.7
336,Shaun,66070.3
337,Jaime,65640.8
338,Alexis,64969.5
339,Armando,64947.2
340,Clinton,64766.9
341,Herbert,64607.4
342,Dwayne,64539.7
343,Rick,64512.5
344,Gilbert,64278.1
345,Tim,63949.4
346,Lewis,63640.2
347,Jaxson,63504.9
348,Greg,63355.5
349,Weston,63341.4
350,Dillon,62843.5
351,Israel,62822.3
352,Marshall,62496.1
353,Axel,62419.1
354,Jonathon,62220.2
355,Kai,61431.5
356,Damon,61390.1
357,Damien,61182.5
358,Dan,61034
359,Ryder,60694.4
360,Luca,60231.7
361,Braxton,60103.6
362,Kristopher,60073
363,Terrance,59874.8
364,Sawyer,59605.6
365,Avery,59381.2
366,Gage,59363.1
367,Malachi,59192.4
368,Terrence,59081.1
369,Allan,58476.4
370,Silas,58303.9
371,Vernon,58122.8
372,Jessie,58042.1
373,Lloyd,57937.5
374,Angelo,57882.6
375,Abel,57701.4
376,Ramon,57617.2
377,Maverick,57569.8
378,Byron,57494.4
379,Ross,57348.4
380,Gene,57194.5
381,Wade,56580.7
382,Donovan,56575.5
383,Julio,56424.7
384,Trenton,56398.8
385,Bennett,56376.5
386,Felix,56291.5
387,Kirk,56062.5
388,Bentley,55613.5
389,Jameson,55587
390,Lonnie,55496.8
391,Camden,54992.8
392,Conner,54866.8
393,Alberto,54667.7
394,Beau,54583.5
395,Greyson,54498.2
396,Josue,54414.6
397,Simon,54199.5
398,Myles,53884.2
399,Emmett,53379.4
400,Enrique,53319.5
401,Dallas,53126.1
402,Declan,52779.7
403,Leslie,52320
404,Chance,52034
405,Kent,51757
406,Alec,51611
407,Zane,51498
408,Colby,51453.7
409,Gerardo,51319.1
410,Darius,51083
411,Graham,51029.8
412,Dwight,50945.9
413,Tracy,50762
414,Tucker,50373.3
415,Dominick,50210.5
416,Nelson,50149.7
417,Peyton,50144.3
418,Daryl,49783.1
419,Elliott,49516
420,Elliot,49435.7
421,Jimmie,49213.8
422,Marcos,49186.4
423,Floyd,49163.5
424,Rickey,49066.6
425,Kaiden,48967.6
426,Arturo,48626.3
427,Trent,48538.4
428,Sam,48390.7
429,Amir,48234.3
430,Jude,48105.2
431,Harvey,47871.5
432,Clyde,47860.7
433,Guy,47744.5
434,Alfredo,47269.9
435,Joey,47239.5
436,Malik,47238.8
437,Shannon,46870.6
438,Perry,46834.7
439,Geoffrey,46775.7
440,Roland,46614.6
441,Stuart,46494.9
442,Malcolm,46429.9
443,Griffin,46395.7
444,Dante,46346.3
445,Kelvin,46320.6
446,Dawson,46181.2
447,Jackie,45861.8
448,Bryant,45673.2
449,Tyson,45559.2
450,Julius,45538.2
451,Ty,45187.1
452,Brooks,45069.9
453,Braden,45023.1
454,Lester,44189.3
455,Emilio,44006.9
456,Waylon,43762.8
457,Jasper,43708.3
458,Maddox,43454
459,Donnie,43205.8
460,Milton,43092.2
461,Kenny,42671.3
462,Johnnie,42426
463,Pablo,42347
464,Kingston,42182.3
465,Emanuel,41871.3
466,Lane,41748.6
467,Zion,41600.6
468,Orlando,41469.1
469,Brock,41256.9
470,Ted,41163.7
471,Rene,41082.4
472,Lukas,41057.8
473,Gael,41014.1
474,Freddie,40853.8
475,Fabian,40710.1
476,Jayce,40676.8
477,Skyler,40431.9
478,Dana,40386.7
479,Rowan,40218.8
480,Kerry,40157.4
481,August,40149.4
482,Herman,39851.7
483,Arnold,39830.5
484,Jermaine,39798.4
485,Salvador,39791.7
486,Noel,39521.4
487,Ben,39355.6
488,Fredrick,39189.7
489,Cayden,39152.9
490,Trey,38946.4
491,Jalen,38856.9
492,Corbin,38793.3
493,Bob,38548.2
494,Jaylen,38506
495,Ismael,38380
496,Ernesto,38026.9
497,Clifton,37949.8
498,Dave,37730.8
499,Morgan,37579.3
500,Roderick,37551.7
501,Quentin,37206.4
502,Kameron,37081.1
503,Keegan,37045.1
504,Gustavo,37030.2
505,Cedric,36963.9
506,Xander,36961.7
507,Ryker,36888.7
508,Kyler,36747
509,Robin,36360.7
510,Desmond,36256
511,Rudy,36091
512,Neal,36084.4
513,Rex,35995.3
514,Cecil,35613
515,Gerard,35595.9
516,Walker,35400.1
517,Emiliano,35397
518,Saul,35253.1
519,Drake,35242.2
520,Reid,35150.9
521,Chester,34770.6
522,Sidney,34656.9
523,Nickolas,34582.8
524,Quinn,34534.9
525,Chandler,34270.9
526,Demetrius,33895.7
527,Jayson,33833.2
528,Clark,33466.9
529,Garry,33355.8
530,River,33071.4
531,Rylan,32558.9
532,Terrell,32379.7
533,Hugh,32210.8
534,Esteban,32160.1
535,Brennan,32139.8
536,Maximus,32092.6
537,Milo,32031.5
538,Jaiden,32022.8
539,Leland,31984.6
540,King,31886.1
541,Rhett,31725.3
542,Jamal,31718.1
543,Cade,31674.2
544,Randolph,31608.4
545,Grady,31530.6
546,Ali,31408.6
547,Clay,31395
548,Finn,31160.4
549,Joaquin,31145.3
550,Jakob,31111.5
551,Alonzo,30967
552,Judah,30944.6
553,Kendrick,30806.8
554,Frankie,30756.8
555,Zackary,30623.5
556,Toby,30513.2
557,Kendall,30513.1
558,Dexter,30412.2
559,Dane,30393.2
560,Rory,30116.2
561,Hugo,30053.8
562,Brantley,29724.4
563,Forrest,29691.2
564,Holden,29672.2
565,Carlton,29471.4
566,Darin,29409.7
567,Zachariah,29290.5
568,Reed,29287.3
569,Alfonso,29152.2
570,Gregg,29143.3
571,Wendell,28990.4
572,Claude,28965.6
573,Salvatore,28919
574,Zachery,28862.1
575,Sammy,28750.3
576,Zayden,28620.6
577,Moises,28602.4
578,Adan,28428.4
579,Wallace,28398.1
580,Deandre,28356
581,Ron,28299.9
582,Quinton,28187.8
583,Moses,28111.6
584,Barrett,27994.9
585,Clint,27993.7
586,Marlon,27942
587,Matteo,27850.4
588,Terence,27829.3
589,Benny,27823.2
590,Guillermo,27773
591,Amari,27588.3
592,Jody,27497
593,Nick,27431.8
594,Lynn,27396.8
595,Rodolfo,27378.1
596,Heath,27158.8
597,Wilson,26897.4
598,Zander,26828.8
599,Darrin,26727.2
600,Bret,26638.8
601,Branden,26621.3
602,Karter,26575.8
603,Ellis,26497.1
604,Solomon,26472.9
605,Marty,26411
606,Anderson,26404.8
607,Sterling,26350.2
608,Otis,26257.5
609,Adriel,26227.9
610,Felipe,26226.3
611,Elmer,26223.1
612,Conor,26207.6
613,Lyle,26186.1
614,Landen,26033.2
615,Blaine,26001.6
616,Kim,25995.2
617,Cruz,25973.1
618,Davis,25887.7
619,Paxton,25715.2
620,Tobias,25686.3
621,Enzo,25485.8
622,Darnell,25485.7
623,Rodrigo,25385.3
624,Lamar,25267.2
625,Loren,25225.1
626,Colt,25122.7
627,Brenden,25082.2
628,Cash,24979.4
629,Bradford,24966.5
630,Antoine,24700.6
631,Johnathon,24603.8
632,Ken,24572.3
633,Theo,24459.4
634,Quincy,24370.2
635,Morris,24340.5
636,Sheldon,24286.9
637,Beckett,24278.5
638,Tomas,24093.5
639,Emerson,24031.2
640,Harley,24017.6
641,Jarrod,23970
642,Thiago,23928.4
643,Jonas,23920.9
644,Archer,23770.5
645,Rocky,23659.7
646,Gilberto,23617.8
647,Payton,23602.1
648,Leonel,23563.8
649,Titus,23543
650,Messiah,23463.3
651,Myron,23368.3
652,Tate,23310.6
653,Marquis,23287.2
654,Stephan,23237.7
655,Ira,23230.1
656,Virgil,23220
657,Randal,23200.7
658,Marion,23111.7
659,Khalil,23020
660,Rogelio,22911.2
661,Conrad,22885
662,Jase,22883.5
663,Nikolas,22858.1
664,Jax,22856.3
665,Kody,22825.3
666,Dominique,22625.7
667,Royce,22587.8
668,Mauricio,22394
669,Winston,22169.2
670,Rolando,22155.4
671,Caiden,22127
672,Phoenix,22094.2
673,Gunner,22080.3
674,Dorian,22050
675,Alton,21966.9
676,Ramiro,21883.9
677,Jett,21816.2
678,Cyrus,21775.1
679,Timmy,21678.6
680,Lionel,21561.1
681,Jarrett,21525.1
682,Legend,21490.9
683,Remington,21481.8
684,Earnest,21409.5
685,Issac,21328.7
686,Romeo,21293.2
687,Maximiliano,21290.8
688,Luka,21242.5
689,Luther,21218.4
690,Rocco,21200.8
691,Noe,21144.5
692,Keaton,21139.4
693,Kade,21102.2
694,Dewayne,21008.3
695,Willard,20941
696,Bennie,20936.2
697,Kobe,20901.2
698,Ace,20896.9
699,Tristen,20834.4
700,Aden,20754.3
701,Nathanael,20710.6
702,Archie,20651.3
703,Lamont,20647.7
704,Edmund,20642.4
705,Freddy,20565.4
706,Cornelius,20500.8
707,Matias,20193.1
708,Courtney,20127
709,Ariel,20084.1
710,Pete,20056.9
711,Will,19969
712,Knox,19960.9
713,Orion,19959.9
714,Kristian,19802
715,Teddy,19728.2
716,Karson,19702.4
717,Cohen,19697.7
718,Mickey,19669.1
719,Nehemiah,19577.4
720,Jamison,19575.9
721,Bailey,19524.3
722,Mack,19416.2
723,Brendon,19349.9
724,Stefan,19337.6
725,Isiah,19289.6
726,Uriel,19226.1
727,Gideon,19181.5
728,Ahmad,19073
729,Stewart,19014.4
730,Nash,19008.4
731,Sherman,18974.4
732,Raphael,18932
733,Reece,18914.7
734,Vance,18886
735,Justice,18875.5
736,Muhammad,18775.6
737,Prince,18740.6
738,Van,18602
739,Ari,18579.7
740,Derick,18540.2
741,Darrel,18501.9
742,Stacy,18484.7
743,Amos,18218
744,Cary,18189.1
745,Laurence,18176.6
746,Adonis,18118.6
747,Ezequiel,18082.9
748,Sylvester,18021.5
749,Rudolph,18006.4
750,Braylon,17980.1
751,Mohamed,17960.1
752,Vicente,17920.8
753,Jefferson,17888.5
754,Kane,17806.4
755,Matt,17765.2
756,Thaddeus,17745.5
757,Ronan,17742.4
758,Reuben,17707.4
759,Skylar,17704.8
760,Robbie,17607.4
761,Maximilian,17575.8
762,Doug,17567.3
763,Atlas,17514.1
764,Junior,17401.1
765,Aron,17398.3
766,Nico,17332.6
767,Zackery,17204.2
768,Keenan,17186.3
769,Irvin,17144.4
770,Iker,17138.1
771,Dion,17105
772,Arlo,17020.7
773,Abram,17015
774,Duncan,17000.8
775,Javon,16959.2
776,Sonny,16945.4
777,Roosevelt,16899.5
778,Willis,16894.1
779,Efrain,16892.8
780,Pierce,16859
781,Guadalupe,16850.3
782,Kareem,16841.9
783,Darwin,16717.4
784,Reynaldo,16700.5
785,Kurtis,16692.5
786,Jerald,16689.7
787,Delbert,16602.2
788,Monte,16571
789,Reese,16539.8
790,Isaias,16523.8
791,Gunnar,16466.1
792,Nasir,16428
793,Kellen,16327.7
794,Scotty,16269.7
795,Damion,16193.8
796,Moshe,16150
797,Ahmed,16137.8
798,Jean,16092.2
799,Darian,16055.5
800,Tommie,16021.3
801,Kolton,15939.1
802,Porter,15937.8
803,Ervin,15900.7
804,Mohammad,15879.3
805,Ibrahim,15842.5
806,Beckham,15804.1
807,Finley,15780
808,Atticus,15748.5
809,Asa,15720.2
810,Hubert,15682.3
811,Brayan,15659.2
812,Aubrey,15654.9
813,Colten,15633.8
814,Rashad,15618.6
815,Kieran,15616.3
816,Horace,15612.7
817,Kyrie,15557.8
818,Jan,15550.6
819,Pierre,15497.7
820,Rusty,15496.7
821,Tyrell,15439.9
822,Alvaro,15431.8
823,Deshawn,15431.4
824,Marcel,15418.1
825,Lowell,15412.8
826,Jarvis,15330.9
827,Jamar,15288.1
828,Louie,15226.3
829,Ignacio,15145.9
830,Vaughn,15076.6
831,Donte,15065.5
832,Otto,14997.9
833,Major,14964
834,Wilbert,14937
835,Mohammed,14930.4
836,Jensen,14921.1
837,Kash,14885.3
838,Cullen,14883
839,Humberto,14874.4
840,Hayes,14832.2
841,Anton,14712.6
842,Malakai,14514.5
843,Killian,14428.4
844,Camron,14399.8
845,Aldo,14392.5
846,Santos,14366.7
847,Josh,14259.8
848,Lawson,14251.4
849,Elvis,14228
850,Deon,14206.1
851,Quintin,14190.8
852,Denis,14117.7
853,Gianni,14096.1
854,Hank,14083
855,Sage,14078.4
856,Jamari,14048.6
857,Luciano,14026.3
858,Markus,13990.8
859,Brenton,13966.5
860,Braydon,13956.9
861,Augustus,13952.6
862,Armani,13912.4
863,Trevon,13882.2
864,Izaiah,13854.6
865,Kason,13785.1
866,Osvaldo,13768.8
867,Brice,13758.9
868,Tyree,13644.5
869,Kory,13603.3
870,Rodger,13597.5
871,Agustin,13585
872,Chuck,13468.9
873,Braeden,13383.9
874,Curt,13301
875,Adolfo,13261.7
876,Brycen,13241.1
877,Johan,13230.4
878,Daxton,13206.7
879,Devan,13188.4
880,Homer,13165.3
881,Bo,13147.8
882,Ashley,13139.4
883,Pat,13111.6
884,Demarcus,13104.6
885,Jordon,13085.7
886,Milan,13084.2
887,Doyle,13077.2
888,Bryon,13033
889,Rickie,12928.5
890,Davon,12890.5
891,Sullivan,12862.7
892,Coleman,12855.6
893,Dayton,12791.2
894,Harlan,12776.7
895,Trace,12774.5
896,Jarred,12771.6
897,Layne,12727.8
898,Alijah,12722
899,Kayson,12647
900,Jeffry,12642.8
901,Davion,12627.7
902,Jayceon,12551.9
903,Bart,12489
904,Wilbur,12449.4
905,Jess,12441.4
906,Niko,12436.9
907,Rhys,12411.4
908,Kris,12381.1
909,Braylen,12375.1
910,Denver,12314.6
911,Julien,12304.7
912,Irving,12302.6
913,Garret,12272.2
914,Chadwick,12132.4
915,Omari,12125.8
916,Stacey,12112.4
917,Rufus,12083.1
918,Mathias,12082.2
919,Royal,12079.3
920,Boyd,12071.5
921,Donnell,12059.9
922,Dewey,11976.2
923,Houston,11956.2
924,Talon,11955.1
925,Antwan,11940.5
926,Carey,11899
927,Elisha,11858.5
928,Kasey,11849.9
929,Mekhi,11844.1
930,Buddy,11842.5
931,Alden,11824.6
932,Bodhi,11784.9
933,Kian,11776.7
934,Scot,11761.7
935,Deangelo,11750.5
936,Odin,11749.3
937,Finnegan,11730.2
938,Lennox,11713.1
939,Nigel,11702
940,Ryland,11684
941,Yahir,11683
942,Marlin,11639.1
943,Kamden,11637.1
944,Matthias,11583.9
945,Ulysses,11572.8
946,Santino,11515.6
947,Carroll,11484.1
948,Monty,11455.4
949,Bruno,11405.6
950,Zayne,11393.3
951,Hans,11369.4
952,Hendrix,11367.9
953,Jarod,11363.1
954,Rohan,11361.7
955,Landyn,11355.1
956,Devonte,11352.6
957,Tevin,11346.4
958,Percy,11337.8
959,Triston,11309.3
960,Cristopher,11301.5
961,Edmond,11298.4
962,Ulises,11270.8
963,Elian,11238.2
964,Emery,11214
965,Blair,11167.6
966,Raiden,11150.8
967,Kolby,11140.5
968,Carlo,11134.2
969,Alonso,11121.3
970,Hassan,11108.1
971,Galen,11061.3
972,Arjun,10960.9
973,Shelby,10919.1
974,Korey,10914.2
975,Dax,10891
976,Addison,10876.5
977,Marcelo,10871.3
978,Chaim,10863.8
979,Jaron,10841.5
980,Benson,10839.5
981,Fletcher,10838.3
982,Samson,10831.4
983,Ronny,10803.9
984,Phil,10803.9
985,Kamari,10791.7
986,Jairo,10786.7
987,Denny,10782.4
988,Benito,10739.2
989,Jamel,10734.9
990,Jacoby,10724
991,Eddy,10719.7
992,Callum,10709.6
993,Joesph,10697.2
994,Uriah,10696.8
995,Remy,10696.7
996,Gino,10690
997,Alessandro,10680.9
998,Ernie,10647.2
999,Rigoberto,10642.3